id,name,age,height,weight
1630639,A.J. Lawson,22.0,198.12,81.19
1631260,AJ Green,23.0,195.58,86.18
1631100,AJ Griffin,19.0,198.12,99.79
203932,Aaron Gordon,27.0,203.2,106.59
1628988,Aaron Holiday,26.0,182.88,83.91
1630174,Aaron Nesmith,23.0,195.58,97.52
1630598,Aaron Wiggins,24.0,195.58,86.18
1629678,Admiral Schofield,25.0,195.58,109.32
201143,Al Horford,36.0,205.74,108.86
202692,Alec Burks,31.0,198.12,97.07
1630197,Aleksej Pokusevski,21.0,213.36,95.25
1627936,Alex Caruso,29.0,195.58,84.37
203458,Alex Len,29.0,218.44,113.4
1628993,Alize Johnson,26.0,203.2,96.16
1631214,Alondes Williams,23.0,193.04,95.25
1630578,Alperen Sengun,20.0,210.82,110.22
1629599,Amir Coffey,25.0,200.66,95.25
203083,Andre Drummond,29.0,210.82,126.55
2738,Andre Iguodala,39.0,198.12,97.52
1629614,Andrew Nembhard,23.0,190.5,86.64
203952,Andrew Wiggins,28.0,200.66,89.36
1629014,Anfernee Simons,23.0,190.5,82.1
203076,Anthony Davis,30.0,208.28,114.76
1630162,Anthony Edwards,21.0,193.04,102.06
1630264,Anthony Gill,30.0,203.2,104.33
1630237,Anthony Lamb,25.0,198.12,102.97
1630559,Austin Reaves,24.0,195.58,89.36
203085,Austin Rivers,30.0,193.04,90.72
1630245,Ayo Dosunmu,23.0,195.58,90.72
1628389,Bam Adebayo,25.0,205.74,115.67
1627732,Ben Simmons,26.0,208.28,108.86
1631097,Bennedict Mathurin,20.0,195.58,95.25
202687,Bismack Biyombo,30.0,203.2,115.67
201933,Blake Griffin,34.0,205.74,113.4
1631104,Blake Wesley,20.0,193.04,83.91
1626246,Boban Marjanovic,34.0,223.52,131.54
1626171,Bobby Portis,28.0,210.82,113.4
203992,Bogdan Bogdanovic,30.0,195.58,102.06
202711,Bojan Bogdanovic,33.0,200.66,102.51
1629626,Bol Bol,23.0,218.44,99.79
1630538,Bones Hyland,22.0,187.96,76.66
203078,Bradley Beal,29.0,193.04,93.89
1630527,Brandon Boston Jr.,21.0,198.12,85.28
1629634,Brandon Clarke,26.0,203.2,97.52
1627742,Brandon Ingram,25.0,203.2,86.18
1630296,Braxton Key,26.0,203.2,102.06
201572,Brook Lopez,34.0,215.9,127.91
1628971,Bruce Brown,26.0,193.04,91.63
1628981,Bruno Fernando,24.0,208.28,108.86
1631121,Bryce McGowens,20.0,198.12,79.38
1627854,Bryn Forbes,29.0,187.96,92.99
1631205,Buddy Boeheim,23.0,198.12,92.99
1627741,Buddy Hield,30.0,193.04,99.79
203468,CJ McCollum,31.0,190.5,86.18
1630595,Cade Cunningham,21.0,200.66,99.79
1631216,Caleb Houstan,20.0,203.2,92.99
1628997,Caleb Martin,27.0,195.58,92.99
1629629,Cam Reddish,23.0,200.66,98.43
1630560,Cam Thomas,21.0,190.5,95.25
1629661,Cameron Johnson,27.0,203.2,95.25
1626166,Cameron Payne,28.0,185.42,83.01
1627747,Caris LeVert,28.0,198.12,92.99
1630637,Carlik Jones,25.0,182.88,78.93
1626224,Cedi Osman,27.0,200.66,104.33
1629646,Charles Bassey,22.0,205.74,104.33
1631320,Chima Moneke,27.0,195.58,101.15
1629002,Chimezie Metu,26.0,205.74,102.06
1628449,Chris Boucher,30.0,205.74,90.72
1630537,Chris Duarte,25.0,195.58,86.18
101108,Chris Paul,37.0,182.88,79.38
1629735,Chris Silva,26.0,203.2,106.14
1631128,Christian Braun,21.0,198.12,99.79
1631132,Christian Koloko,22.0,213.36,104.33
1626174,Christian Wood,27.0,205.74,97.07
1629643,Chuma Okeke,24.0,203.2,103.87
203991,Clint Capela,28.0,208.28,116.12
1629632,Coby White,23.0,195.58,88.45
1628998,Cody Martin,27.0,198.12,92.99
203469,Cody Zeller,30.0,210.82,108.86
1630175,Cole Anthony,22.0,190.5,83.91
1631306,Cole Swider,23.0,205.74,99.79
1629012,Collin Sexton,24.0,187.96,86.18
1630557,Corey Kispert,24.0,198.12,101.6
202709,Cory Joseph,31.0,190.5,90.72
1626156,D'Angelo Russell,27.0,193.04,87.54
1630227,Daishen Nix,21.0,193.04,102.51
1630625,Dalano Banton,23.0,200.66,92.53
1631207,Dalen Terry,20.0,200.66,88.45
1627745,Damian Jones,27.0,210.82,111.13
203081,Damian Lillard,32.0,187.96,88.45
1627814,Damion Lee,30.0,195.58,95.25
1629655,Daniel Gafford,24.0,208.28,106.14
1628464,Daniel Theis,30.0,203.2,111.13
201980,Danny Green,35.0,198.12,97.52
1627863,Danuel House Jr.,29.0,198.12,99.79
203967,Dario Saric,28.0,208.28,102.06
1629647,Darius Bazley,22.0,205.74,97.98
1630620,Darius Days,23.0,200.66,111.13
1629636,Darius Garland,23.0,185.42,87.09
1630561,David Duke Jr.,23.0,193.04,92.53
1631223,David Roddy,21.0,193.04,115.67
1630558,Davion Mitchell,24.0,182.88,91.63
202722,Davis Bertans,30.0,208.28,102.06
1628432,Davon Reed,27.0,195.58,93.44
1630549,Day'Ron Sharpe,21.0,205.74,120.2
1628368,De'Aaron Fox,25.0,190.5,83.91
1629631,De'Andre Hunter,25.0,203.2,100.24
1629001,De'Anthony Melton,24.0,187.96,90.72
201599,DeAndre Jordan,34.0,210.82,120.2
201942,DeMar DeRozan,33.0,198.12,99.79
1629731,Dean Wade,26.0,205.74,103.42
1629028,Deandre Ayton,24.0,213.36,113.4
1627749,Dejounte Murray,26.0,195.58,81.65
1626153,Delon Wright,30.0,195.58,83.91
1630166,Deni Avdija,22.0,205.74,95.25
203471,Dennis Schroder,29.0,185.42,78.02
1628372,Dennis Smith Jr.,25.0,187.96,92.99
1629126,Deonte Burton,29.0,193.04,108.86
1631220,Dereon Seabron,22.0,195.58,81.65
1627884,Derrick Jones Jr.,26.0,198.12,95.25
201565,Derrick Rose,34.0,190.5,90.72
1628401,Derrick White,28.0,193.04,86.18
1630217,Desmond Bane,24.0,195.58,97.52
1626164,Devin Booker,26.0,195.58,93.44
1630170,Devin Vassell,22.0,195.58,90.72
1629653,Devon Dotson,23.0,185.42,83.91
1628984,Devonte' Graham,28.0,185.42,88.45
203473,Dewayne Dedmon,33.0,208.28,111.13
1628415,Dillon Brooks,27.0,198.12,102.06
1627734,Domantas Sabonis,26.0,215.9,108.86
1631230,Dominick Barlow,19.0,205.74,97.52
1628378,Donovan Mitchell,26.0,185.42,97.52
1628978,Donte DiVincenzo,26.0,193.04,92.08
1627827,Dorian Finney-Smith,29.0,200.66,99.79
203926,Doug McDermott,31.0,198.12,102.06
203110,Draymond Green,33.0,198.12,104.33
1629234,Drew Eubanks,26.0,208.28,111.13
1630696,Dru Smith,25.0,190.5,92.08
1630613,Duane Washington Jr.,23.0,187.96,89.36
1629130,Duncan Robinson,28.0,200.66,97.52
203939,Dwight Powell,31.0,208.28,108.86
1629685,Dylan Windler,26.0,200.66,88.9
1630700,Dyson Daniels,20.0,200.66,90.26
1628410,Edmond Sumner,27.0,193.04,88.9
201569,Eric Gordon,34.0,190.5,97.52
1630647,Eugene Omoruyi,26.0,198.12,106.59
203095,Evan Fournier,30.0,198.12,92.99
1630596,Evan Mobley,21.0,210.82,97.52
1630267,Facundo Campazzo,32.0,177.8,88.45
1628402,Frank Jackson,24.0,190.5,92.99
1626163,Frank Kaminsky,29.0,213.36,108.86
1628373,Frank Ntilikina,24.0,193.04,90.72
1630532,Franz Wagner,21.0,208.28,99.79
1627832,Fred VanVleet,29.0,182.88,89.36
1627788,Furkan Korkmaz,25.0,200.66,91.63
1629216,Gabe Vincent,26.0,187.96,90.72
202066,Garrett Temple,36.0,198.12,88.45
1629726,Garrison Mathews,26.0,198.12,97.52
203914,Gary Harris,28.0,193.04,95.25
1627780,Gary Payton II,30.0,187.96,88.45
1629018,Gary Trent Jr.,24.0,195.58,94.8
201588,George Hill,36.0,193.04,85.28
1627777,Georges Niang,29.0,200.66,104.33
203507,Giannis Antetokounmpo,28.0,213.36,110.22
1629048,Goga Bitadze,23.0,210.82,113.4
201609,Goran Dragic,36.0,193.04,86.18
202330,Gordon Hayward,33.0,200.66,102.06
203476,Gorgui Dieng,33.0,208.28,112.49
1629684,Grant Williams,24.0,198.12,107.05
1628960,Grayson Allen,27.0,193.04,89.81
1630535,Greg Brown III,21.0,200.66,93.44
1628977,Hamidou Diallo,24.0,195.58,91.63
203084,Harrison Barnes,30.0,203.2,102.06
1629312,Haywood Highsmith,26.0,195.58,99.79
1630529,Herbert Jones,24.0,200.66,93.44
1630193,Immanuel Quickley,23.0,187.96,86.18
1630171,Isaac Okoro,22.0,195.58,102.06
1628392,Isaiah Hartenstein,24.0,213.36,113.4
1630543,Isaiah Jackson,21.0,205.74,92.99
1630198,Isaiah Joe,23.0,190.5,74.84
1630587,Isaiah Livers,24.0,198.12,105.23
1630600,Isaiah Mobley,23.0,203.2,107.95
1629676,Isaiah Roby,25.0,203.2,104.33
1630191,Isaiah Stewart,21.0,203.2,113.4
1630225,Isaiah Todd,21.0,205.74,99.34
202397,Ish Smith,34.0,182.88,79.38
1630688,Ish Wainright,28.0,195.58,113.4
1627826,Ivica Zubac,26.0,213.36,108.86
1631120,JD Davison,20.0,185.42,88.45
1630550,JT Thor,20.0,205.74,92.08
1629630,Ja Morant,23.0,187.96,78.93
203210,JaMychal Green,32.0,205.74,102.97
201580,JaVale McGee,35.0,213.36,122.47
1631095,Jabari Smith Jr.,19.0,210.82,99.79
1631133,Jabari Walker,20.0,200.66,90.72
1631298,Jack White,25.0,200.66,102.06
1630702,Jaden Hardy,20.0,190.5,89.81
1631093,Jaden Ivey,21.0,193.04,88.45
1630183,Jaden McDaniels,22.0,205.74,83.91
1630531,Jaden Springer,20.0,193.04,91.63
203109,Jae Crowder,32.0,198.12,106.59
1630256,Jae'Sean Tate,27.0,195.58,104.33
1631222,Jake LaRavia,21.0,200.66,106.59
1627751,Jakob Poeltl,27.0,215.9,111.13
1628973,Jalen Brunson,26.0,187.96,86.18
1631105,Jalen Duren,19.0,210.82,113.4
1630224,Jalen Green,21.0,193.04,84.37
1630552,Jalen Johnson,21.0,203.2,99.34
1629667,Jalen McDaniels,25.0,205.74,92.99
1630188,Jalen Smith,23.0,205.74,97.52
1630591,Jalen Suggs,21.0,195.58,92.99
1631114,Jalen Williams,21.0,195.58,95.71
1631288,Jamal Cain,24.0,198.12,86.64
1627750,Jamal Murray,26.0,193.04,97.52
1631123,Jamaree Bouyea,23.0,187.96,81.65
1630547,James Bouknight,22.0,193.04,86.18
201935,James Harden,33.0,195.58,99.79
201949,James Johnson,36.0,200.66,108.86
1630164,James Wiseman,21.0,213.36,108.86
1630215,Jared Butler,22.0,190.5,87.54
1631197,Jared Rhoden,23.0,198.12,95.25
1628991,Jaren Jackson Jr.,23.0,208.28,109.77
1629020,Jarred Vanderbilt,23.0,203.2,97.07
1629714,Jarrell Brantley,26.0,195.58,113.4
1628386,Jarrett Allen,24.0,205.74,110.22
1629633,Jarrett Culver,24.0,198.12,88.45
1630554,Jason Preston,23.0,190.5,82.1
1629750,Javonte Green,29.0,195.58,92.99
1629637,Jaxson Hayes,22.0,213.36,99.79
1630643,Jay Huff,25.0,215.9,108.86
1627759,Jaylen Brown,26.0,198.12,101.15
1629669,Jaylen Nowell,23.0,193.04,91.17
1631119,Jaylin Williams,20.0,205.74,108.86
1628369,Jayson Tatum,25.0,203.2,95.25
1630288,Jeff Dowtin Jr.,25.0,190.5,80.29
201145,Jeff Green,36.0,203.2,106.59
203924,Jerami Grant,29.0,203.2,95.25
1630526,Jeremiah Robinson-Earl,22.0,203.2,108.86
1631110,Jeremy Sochan,19.0,203.2,104.33
1630579,Jericho Sims,24.0,208.28,113.4
1628975,Jevon Carter,27.0,185.42,90.72
202710,Jimmy Butler,33.0,200.66,104.33
1629111,Jock Landale,27.0,210.82,115.67
203925,Joe Harris,31.0,198.12,99.79
204060,Joe Ingles,35.0,205.74,99.79
1630580,Joe Wieskamp,23.0,198.12,92.99
203954,Joel Embiid,29.0,213.36,127.01
1631219,John Butler Jr.,20.0,213.36,86.18
1628381,John Collins,25.0,205.74,102.51
1629723,John Konchar,27.0,195.58,95.25
202322,John Wall,32.0,190.5,95.25
1631098,Johnny Davis,21.0,193.04,88.45
1630548,Johnny Juzang,22.0,198.12,94.8
202685,Jonas Valanciunas,30.0,210.82,120.2
1628371,Jonathan Isaac,25.0,208.28,104.33
1630228,Jonathan Kuminga,20.0,200.66,102.06
203903,Jordan Clarkson,30.0,195.58,88.0
1630692,Jordan Goodwin,24.0,190.5,90.72
1631160,Jordan Hall,21.0,200.66,97.52
1629162,Jordan McLaughlin,26.0,182.88,83.91
1629670,Jordan Nwora,24.0,205.74,102.06
1629673,Jordan Poole,23.0,193.04,88.0
1630648,Jordan Schakel,24.0,198.12,90.72
1630631,Jose Alvarado,24.0,182.88,81.19
1630528,Josh Christopher,21.0,193.04,97.52
1630581,Josh Giddey,20.0,203.2,97.98
1630182,Josh Green,22.0,200.66,90.72
1628404,Josh Hart,28.0,193.04,97.52
1631169,Josh Minott,20.0,203.2,92.99
1629006,Josh Okogie,24.0,193.04,96.62
1626196,Josh Richardson,29.0,198.12,90.72
1630563,Joshua Primo,20.0,198.12,85.73
201950,Jrue Holiday,32.0,195.58,92.99
1629308,Juan Toscano-Anderson,29.0,198.12,94.8
1627823,Juancho Hernangomez,27.0,205.74,97.07
1630577,Julian Champagnie,21.0,200.66,98.43
203944,Julius Randle,28.0,203.2,113.4
1630551,Justin Champagnie,21.0,198.12,93.44
203200,Justin Holiday,33.0,198.12,81.65
1628382,Justin Jackson,27.0,203.2,99.79
1626159,Justise Winslow,26.0,198.12,100.7
203994,Jusuf Nurkic,28.0,213.36,131.54
1629644,KZ Okpala,23.0,203.2,97.52
1630539,Kai Jones,22.0,210.82,100.24
1626157,Karl-Anthony Towns,27.0,213.36,112.49
202695,Kawhi Leonard,31.0,200.66,102.06
1631099,Keegan Murray,22.0,203.2,102.06
1628966,Keita Bates-Diop,27.0,203.2,103.87
1629640,Keldon Johnson,23.0,195.58,99.79
203482,Kelly Olynyk,31.0,210.82,108.86
1626162,Kelly Oubre Jr.,27.0,198.12,92.08
202689,Kemba Walker,32.0,182.88,83.46
1631112,Kendall Brown,19.0,200.66,92.99
1629134,Kendrick Nunn,27.0,190.5,86.18
1631113,Kennedy Chandler,20.0,180.34,77.11
1631254,Kenneth Lofton Jr.,20.0,198.12,124.74
1629026,Kenrich Williams,28.0,198.12,95.25
203484,Kentavious Caldwell-Pope,30.0,195.58,92.53
1630231,Kenyon Martin Jr.,22.0,200.66,97.52
1631165,Keon Ellis,23.0,190.5,79.38
1630553,Keon Johnson,21.0,190.5,83.91
1630556,Kessler Edwards,22.0,200.66,92.08
201142,Kevin Durant,34.0,208.28,108.86
1628989,Kevin Huerter,24.0,200.66,89.81
1628995,Kevin Knox II,23.0,200.66,97.52
201567,Kevin Love,34.0,203.2,113.85
1629645,Kevin Porter Jr.,22.0,193.04,92.08
1630284,Kevon Harris,25.0,198.12,97.98
1626172,Kevon Looney,27.0,205.74,100.7
203920,Khem Birch,30.0,203.2,105.69
203114,Khris Middleton,31.0,200.66,100.7
1630165,Killian Hayes,21.0,195.58,88.45
1630184,Kira Lewis Jr.,21.0,185.42,77.11
202691,Klay Thompson,33.0,198.12,99.79
1627739,Kris Dunn,29.0,190.5,92.99
204001,Kristaps Porzingis,27.0,220.98,108.86
203937,Kyle Anderson,29.0,205.74,104.33
1628398,Kyle Kuzma,27.0,205.74,100.24
200768,Kyle Lowry,37.0,182.88,88.9
202681,Kyrie Irving,31.0,187.96,88.45
1630163,LaMelo Ball,21.0,200.66,81.65
1630205,Lamar Stevens,25.0,198.12,104.33
1629013,Landry Shamet,26.0,193.04,86.18
1626204,Larry Nance Jr.,30.0,203.2,111.13
1628374,Lauri Markkanen,25.0,213.36,108.86
2544,LeBron James,38.0,205.74,113.4
1630195,Leandro Bolmaro,22.0,198.12,90.72
1629623,Lindell Wigginton,24.0,185.42,85.73
1630322,Lindy Waters III,25.0,198.12,95.25
1629022,Lonnie Walker IV,24.0,193.04,92.53
1629652,Luguentz Dort,23.0,193.04,99.79
1629029,Luka Doncic,24.0,200.66,104.33
1630568,Luka Garza,24.0,208.28,110.22
1628379,Luke Kennard,26.0,195.58,93.44
1628436,Luke Kornet,27.0,218.44,113.4
1630201,Malachi Flynn,24.0,185.42,79.38
1631103,Malaki Branham,19.0,193.04,81.65
1627763,Malcolm Brogdon,30.0,193.04,103.87
1630792,Malcolm Hill,27.0,198.12,99.79
1627736,Malik Beasley,26.0,193.04,84.82
1628370,Malik Monk,25.0,190.5,90.72
1629603,Mamadi Diakite,26.0,205.74,103.42
1630699,MarJon Beauchamp,22.0,200.66,90.26
202694,Marcus Morris Sr.,33.0,203.2,98.88
203935,Marcus Smart,29.0,193.04,99.79
1631109,Mark Williams,21.0,213.36,108.86
1628365,Markelle Fultz,24.0,193.04,94.8
202693,Markieff Morris,33.0,205.74,111.13
1630250,Marko Simonovic,23.0,213.36,99.79
1628963,Marvin Bagley III,24.0,208.28,106.59
203486,Mason Plumlee,33.0,213.36,115.21
1629680,Matisse Thybulle,26.0,195.58,91.17
1630346,Matt Ryan,25.0,198.12,97.52
203521,Matthew Dellavedova,32.0,190.5,90.72
1631108,Max Christie,20.0,195.58,86.18
1629622,Max Strus,26.0,195.58,97.52
1628467,Maxi Kleber,31.0,208.28,108.86
1630593,McKinley Wright IV,24.0,180.34,87.09
203086,Meyers Leonard,31.0,213.36,117.93
1629662,Mfiondu Kabengele,25.0,208.28,113.4
1630695,Micah Potter,24.0,203.2,112.49
1630701,Michael Foster Jr.,20.0,203.2,113.4
1629008,Michael Porter Jr.,24.0,208.28,98.88
1628969,Mikal Bridges,26.0,198.12,94.8
201144,Mike Conley,35.0,185.42,79.38
203488,Mike Muscala,31.0,210.82,108.86
1630540,Miles McBride,22.0,187.96,88.45
1629011,Mitchell Robinson,24.0,213.36,108.86
1628964,Mo Bamba,24.0,213.36,104.78
1628420,Monte Morris,27.0,187.96,83.01
1626149,Montrezl Harrell,29.0,200.66,108.86
1629021,Moritz Wagner,25.0,210.82,111.13
1629650,Moses Brown,23.0,218.44,111.13
1630541,Moses Moody,20.0,195.58,95.71
1631217,Moussa Diabate,21.0,208.28,95.25
1626167,Myles Turner,27.0,210.82,113.4
1630230,Naji Marshall,25.0,200.66,99.79
1629642,Nassir Little,23.0,195.58,99.79
1630233,Nathan Knight,25.0,203.2,114.76
1629675,Naz Reid,23.0,205.74,119.75
1629674,Neemias Queta,23.0,213.36,112.49
203457,Nerlens Noel,28.0,208.28,99.79
1629651,Nic Claxton,23.0,210.82,97.52
1630208,Nick Richards,25.0,213.36,111.13
1629638,Nickeil Alexander-Walker,24.0,195.58,92.99
201587,Nicolas Batum,34.0,203.2,104.33
203999,Nikola Jokic,28.0,210.82,128.82
1631107,Nikola Jovic,19.0,208.28,92.99
202696,Nikola Vucevic,32.0,208.28,117.93
203943,Noah Vonleh,27.0,208.28,116.57
1626181,Norman Powell,29.0,193.04,97.52
1628384,O.G. Anunoby,25.0,200.66,105.23
1630167,Obi Toppin,25.0,205.74,99.79
1630534,Ochai Agbaji,22.0,195.58,97.52
1630846,Olivier Sarr,24.0,210.82,108.86
1630209,Omer Yurtseven,24.0,210.82,124.74
1630168,Onyeka Okongwu,22.0,205.74,108.86
1631115,Orlando Robinson,22.0,208.28,106.59
1629052,Oshae Brissett,24.0,200.66,95.25
203490,Otto Porter Jr.,29.0,203.2,89.81
1631172,Ousmane Dieng,19.0,205.74,83.91
200782,P.J. Tucker,37.0,195.58,111.13
1629023,P.J. Washington,24.0,200.66,104.33
1628408,PJ Dozier,26.0,198.12,92.99
1631094,Paolo Banchero,20.0,208.28,113.4
1627783,Pascal Siakam,28.0,203.2,104.33
1626192,Pat Connaughton,30.0,195.58,94.8
1631116,Patrick Baldwin Jr.,20.0,205.74,99.79
201976,Patrick Beverley,34.0,187.96,81.65
1630172,Patrick Williams,21.0,200.66,97.52
201988,Patty Mills,34.0,182.88,81.65
202331,Paul George,32.0,203.2,99.79
1630194,Paul Reed,23.0,205.74,95.25
1630202,Payton Pritchard,25.0,185.42,88.45
1631212,Peyton Watson,20.0,200.66,90.72
1630173,Precious Achiuwa,23.0,203.2,102.06
1629656,Quentin Grimes,22.0,195.58,95.25
1631245,Quenton Jackson,24.0,195.58,78.47
1630181,R.J. Hampton,22.0,193.04,79.38
1629628,RJ Barrett,22.0,198.12,97.07
203526,Raul Neto,30.0,187.96,81.65
203493,Reggie Bullock,32.0,198.12,92.99
202704,Reggie Jackson,32.0,187.96,94.35
1626158,Richaun Holmes,29.0,203.2,106.59
201937,Ricky Rubio,32.0,187.96,86.18
203496,Robert Covington,32.0,200.66,94.8
1629057,Robert Williams III,25.0,205.74,107.5
201577,Robin Lopez,34.0,213.36,127.46
203585,Rodney McGruder,31.0,193.04,92.99
1629641,Romeo Langford,23.0,195.58,97.98
1631199,Ron Harper Jr.,22.0,195.58,111.13
1626220,Royce O'Neale,29.0,198.12,102.51
200752,Rudy Gay,36.0,203.2,113.4
203497,Rudy Gobert,30.0,215.9,117.03
1629060,Rui Hachimura,25.0,203.2,104.33
201566,Russell Westbrook,34.0,190.5,90.72
1627853,Ryan Arcidiacono,28.0,190.5,88.45
1631157,Ryan Rollins,20.0,190.5,81.65
1630240,Saben Lee,23.0,187.96,83.01
1630180,Saddiq Bey,23.0,200.66,97.52
1630573,Sam Hauser,25.0,200.66,98.43
1630241,Sam Merrill,26.0,193.04,92.99
1630572,Sandro Mamukelashvili,23.0,208.28,108.86
1630583,Santi Aldama,22.0,213.36,97.52
1630567,Scottie Barnes,21.0,203.2,102.06
1630590,Scotty Pippen Jr.,22.0,185.42,77.11
201586,Serge Ibaka,33.0,210.82,106.59
203552,Seth Curry,32.0,185.42,83.91
1631101,Shaedon Sharpe,19.0,195.58,90.72
1628983,Shai Gilgeous-Alexander,24.0,198.12,88.45
1629003,Shake Milton,26.0,195.58,92.99
1631323,Simone Fontecchio,27.0,200.66,94.8
203915,Spencer Dinwiddie,29.0,195.58,97.52
1626169,Stanley Johnson,26.0,198.12,109.77
1630649,Stanley Umude,23.0,198.12,95.25
201939,Stephen Curry,35.0,187.96,83.91
1628425,Sterling Brown,28.0,195.58,99.34
203500,Steven Adams,29.0,210.82,120.2
1629004,Svi Mykhailiuk,25.0,200.66,92.99
204456,T.J. McConnell,31.0,185.42,86.18
203933,T.J. Warren,29.0,203.2,99.79
201959,Taj Gibson,37.0,205.74,105.23
1629659,Talen Horton-Tucker,22.0,193.04,106.14
1631106,Tari Eason,21.0,203.2,97.52
1627752,Taurean Prince,29.0,198.12,98.88
1629611,Terance Mann,26.0,195.58,97.52
1629056,Terence Davis,25.0,193.04,91.17
203082,Terrence Ross,32.0,200.66,93.44
1626179,Terry Rozier,29.0,185.42,86.18
1630678,Terry Taylor,23.0,193.04,104.33
201152,Thaddeus Young,34.0,203.2,106.59
203648,Thanasis Antetokounmpo,30.0,200.66,99.34
1630177,Theo Maledon,21.0,195.58,79.38
1629033,Theo Pinson,27.0,200.66,96.16
1628418,Thomas Bryant,25.0,208.28,112.49
203501,Tim Hardaway Jr.,31.0,195.58,92.99
202699,Tobias Harris,30.0,200.66,102.51
1628396,Tony Bradley,25.0,210.82,112.49
1628470,Torrey Craig,32.0,200.66,100.24
1629027,Trae Young,24.0,185.42,74.39
1630200,Tre Jones,23.0,185.42,83.91
1630544,Tre Mann,22.0,190.5,80.74
1630570,Trendon Watford,22.0,203.2,107.5
1630235,Trent Forrest,24.0,193.04,95.25
1630243,Trevelin Queen,26.0,198.12,86.18
1631309,Trevor Hudgins,24.0,182.88,81.65
1631211,Trevor Keels,19.0,193.04,100.24
1626168,Trey Lyles,27.0,205.74,106.14
1630530,Trey Murphy III,22.0,203.2,93.44
1628972,Troy Brown Jr.,23.0,200.66,97.52
1629660,Ty Jerome,25.0,195.58,88.45
1631102,TyTy Washington Jr.,21.0,190.5,88.45
1628416,Tyler Dorsey,27.0,193.04,81.65
1629639,Tyler Herro,23.0,195.58,88.45
1630169,Tyrese Haliburton,23.0,195.58,83.91
1631213,Tyrese Martin,24.0,198.12,97.52
1630178,Tyrese Maxey,22.0,187.96,90.72
1626145,Tyus Jones,26.0,187.96,88.9
1628962,Udoka Azubuike,23.0,210.82,122.47
2617,Udonis Haslem,42.0,200.66,106.59
1630586,Usman Garuba,21.0,203.2,103.87
1630176,Vernon Carey Jr.,22.0,208.28,122.47
203506,Victor Oladipo,30.0,190.5,96.62
1631246,Vince Williams Jr.,22.0,193.04,92.99
1630249,Vit Krejci,22.0,203.2,88.45
1628427,Vlatko Cancar,25.0,203.2,107.05
1631117,Walker Kessler,21.0,213.36,111.13
1628976,Wendell Carter Jr.,23.0,208.28,122.47
1631111,Wendell Moore Jr.,21.0,195.58,97.52
1629117,Wenyen Gabriel,25.0,205.74,92.99
202083,Wesley Matthews,36.0,195.58,99.79
203115,Will Barton,32.0,195.58,82.1
1626195,Willy Hernangomez,28.0,210.82,113.4
1641645,Xavier Cooks,27.0,,
1630214,Xavier Tillman,24.0,200.66,111.13
1629139,Yuta Watanabe,28.0,203.2,97.52
1628380,Zach Collins,25.0,210.82,113.4
203897,Zach LaVine,28.0,195.58,90.72
1630192,Zeke Nnaji,22.0,205.74,108.86
1630533,Ziaire Williams,21.0,205.74,83.91
1629627,Zion Williamson,22.0,198.12,128.82
1630565,Aaron Henry,22.0,195.58,95.25
1627846,Abdel Nader,28.0,195.58,102.06
1630278,Ade Murkey,24.0,195.58,90.72
1629958,Ahmad Caver,25.0,187.96,78.93
1630758,Aleem Ford,24.0,203.2,99.79
1628035,Alfonzo McKinnie,29.0,200.66,97.52
1629717,Armoni Brooks,24.0,190.5,88.45
1629083,Arnoldas Kulboka,24.0,208.28,94.8
202340,Avery Bradley,31.0,190.5,81.65
1629168,BJ Johnson,26.0,198.12,90.72
203463,Ben McLemore,29.0,190.5,88.45
202954,Brad Wanamaker,32.0,190.5,95.25
1629164,Brandon Goodwin,26.0,182.88,81.65
202688,Brandon Knight,30.0,187.96,82.55
1630314,Brandon Williams,22.0,187.96,86.18
1630271,Brodric Thomas,25.0,195.58,83.91
1629604,CJ Elleby,22.0,198.12,90.72
101139,CJ Miles,35.0,198.12,99.79
1630787,Cameron McGriff,24.0,200.66,99.79
1628419,Cameron Oliver,25.0,203.2,108.41
2546,Carmelo Anthony,38.0,200.66,107.95
1629035,Carsen Edwards,24.0,180.34,90.72
1630199,Cassius Stanley,22.0,195.58,86.18
1630216,Cassius Winston,24.0,185.42,83.91
1627760,Cat Barber,27.0,185.42,78.47
1628990,Chandler Hutchison,26.0,198.12,95.25
1629718,Charlie Brown Jr.,25.0,198.12,90.26
1630602,Chaundee Brown Jr.,23.0,195.58,97.52
1627767,Cheick Diallo,25.0,203.2,99.34
1629185,Chris Chiozza,26.0,180.34,79.38
1628591,Craig Sword,28.0,190.5,88.9
201571,D.J. Augustin,34.0,180.34,83.01
1628391,D.J. Wilson,26.0,208.28,104.78
1629610,DaQuan Jeffries,24.0,195.58,100.7
1629751,Dakota Mathias,26.0,193.04,90.72
1628422,Damyean Dotson,28.0,195.58,95.25
1630187,Daniel Oturu,22.0,203.2,108.86
201568,Danilo Gallinari,33.0,208.28,107.05
201954,Darren Collison,34.0,182.88,72.57
1630525,David Johnson,21.0,193.04,92.08
1628021,David Nwaba,29.0,195.58,99.34
1627761,DeAndre' Bembry,27.0,195.58,95.25
1630610,DeJon Jarreau,24.0,195.58,83.91
202326,DeMarcus Cousins,31.0,208.28,122.47
1629686,Deividas Sirvydis,22.0,203.2,86.18
1627756,Denzel Valentine,28.0,193.04,99.79
202324,Derrick Favors,30.0,205.74,120.2
1628476,Derrick Walton Jr.,27.0,182.88,83.91
1629962,Devin Cannady,26.0,187.96,83.01
1629719,Devontae Cacok,25.0,200.66,108.86
1629712,Didi Louzada,22.0,195.58,85.28
2730,Dwight Howard,36.0,208.28,120.2
202334,Ed Davis,33.0,205.74,98.88
203901,Elfrid Payton,28.0,190.5,88.45
1630190,Elijah Hughes,24.0,195.58,97.52
1629150,Emanuel Terry,25.0,205.74,99.79
1626144,Emmanuel Mudiay,26.0,190.5,90.72
202683,Enes Freedom,30.0,208.28,113.4
202339,Eric Bledsoe,32.0,185.42,97.07
1629672,Eric Paschall,25.0,198.12,115.67
1630624,Feron Hunt,22.0,203.2,88.45
1630273,Freddie Gillespie,25.0,205.74,111.13
1628221,Gabe York,28.0,190.5,86.18
1630466,Gabriel Deck,27.0,198.12,104.78
1630994,Gabriel Lundberg,27.0,193.04,92.08
1629109,Gary Clark,27.0,198.12,102.06
1628994,George King,28.0,198.12,99.79
1630686,Georgios Kalaitzakis,23.0,200.66,87.09
202328,Greg Monroe,32.0,208.28,113.4
202355,Hassan Whiteside,33.0,213.36,120.2
1629755,Hassani Gravett,25.0,187.96,84.82
1629649,Ignas Brazdeikis,23.0,198.12,100.24
1629067,Isaac Bonga,22.0,203.2,81.65
202738,Isaiah Thomas,33.0,175.26,83.91
1630605,JaQuori McLaughlin,24.0,193.04,86.18
203953,Jabari Parker,27.0,200.66,111.13
1630186,Jahmi'us Ramsey,21.0,190.5,86.18
1630693,Jaime Echenique,25.0,208.28,117.03
1627774,Jake Layman,28.0,203.2,94.8
203516,James Ennis III,31.0,198.12,97.52
1630691,Jamorko Pickett,24.0,205.74,93.44
1629607,Jared Harper,24.0,177.8,79.38
1629600,Jarron Cumberland,24.0,195.58,92.99
1629602,Javin DeLaurier,24.0,208.28,106.14
1630606,Javonte Smart,23.0,193.04,92.99
1630206,Jay Scrubb,21.0,195.58,99.79
1629658,Jaylen Hoard,23.0,203.2,97.98
1628537,Jaylen Morris,26.0,195.58,83.91
1629873,Jaysean Paige,27.0,187.96,90.72
1629203,Jemerrio Jones,27.0,195.58,79.38
203087,Jeremy Lamb,30.0,195.58,81.65
2207,Joe Johnson,41.0,200.66,108.86
1630555,Joel Ayayi,22.0,193.04,81.65
1630257,Jon Teske,25.0,215.9,120.2
1628395,Jordan Bell,27.0,200.66,97.98
1628367,Josh Jackson,25.0,203.2,93.89
1626147,Justin Anderson,28.0,195.58,104.78
1629620,Justin Robinson,24.0,185.42,88.45
1629752,Juwan Morgan,25.0,200.66,105.23
1626208,Keifer Sykes,28.0,180.34,75.75
1629103,Kelan Martin,26.0,195.58,104.33
1629833,Keljin Blevins,26.0,193.04,90.72
203145,Kent Bazemore,32.0,193.04,88.45
1630698,Kevin Pangos,29.0,185.42,81.19
1629681,Killian Tillie,24.0,205.74,99.79
1629657,Kyle Guy,24.0,185.42,75.75
200746,LaMarcus Aldridge,36.0,210.82,113.4
202362,Lance Stephenson,31.0,195.58,95.25
204038,Langston Galloway,30.0,185.42,90.72
1628366,Lonzo Ball,24.0,198.12,86.18
101150,Lou Williams,35.0,187.96,79.38
1629663,Louis King,23.0,200.66,92.99
1630640,MJ Walker,24.0,195.58,96.62
1630644,Mac McClung,23.0,187.96,83.91
1630238,Malik Fitts,24.0,195.58,104.33
1629005,Malik Newman,25.0,190.5,86.18
1630585,Marcus Garrett,23.0,195.58,92.99
1630210,Markus Howard,23.0,177.8,79.38
1627737,Marquese Chriss,24.0,205.74,108.86
1630222,Mason Jones,23.0,193.04,90.72
1629760,Matt Mooney,27.0,187.96,90.26
1629744,Matt Thomas,27.0,190.5,86.18
203090,Maurice Harkless,29.0,200.66,99.79
1628982,Melvin Frazier Jr.,25.0,195.58,97.52
1628970,Miles Bridges,24.0,200.66,102.06
1629671,Miye Oni,24.0,195.58,93.44
1630589,Moses Wright,23.0,203.2,102.51
1628539,Mychal Mulder,28.0,190.5,88.45
1629619,Myles Powell,24.0,187.96,88.45
1630207,Nate Hinton,23.0,195.58,95.25
202357,Nemanja Bjelica,34.0,205.74,106.14
203917,Nik Stauskas,28.0,198.12,93.89
203658,Norvel Pelle,29.0,208.28,104.78
1628238,Paris Bass,26.0,203.2,90.72
200794,Paul Millsap,37.0,200.66,116.57
1628778,Paul Watson,27.0,198.12,95.25
1627822,Petr Cornelie,26.0,210.82,99.79
1629683,Quinndary Weatherspoon,25.0,190.5,92.99
1630612,RJ Nembhard Jr.,23.0,193.04,90.72
200765,Rajon Rondo,36.0,185.42,81.65
1629730,Rayjon Tucker,24.0,190.5,94.8
1629617,Reggie Perry,22.0,203.2,113.4
1630306,Rob Edwards,25.0,195.58,92.99
1630218,Robert Woodard II,22.0,198.12,106.59
203918,Rodney Hood,29.0,203.2,94.35
1626155,Sam Dekker,28.0,203.2,99.34
1630575,Scottie Lewis,22.0,195.58,83.91
203816,Scotty Hopson,32.0,200.66,92.53
1629635,Sekou Doumbouya,21.0,205.74,104.33
1628400,Semi Ojeleye,27.0,198.12,108.86
1629783,Shaq Buchanan,25.0,190.5,86.18
1627885,Shaquille Harrison,28.0,193.04,88.45
1630536,Sharife Cooper,21.0,185.42,79.83
1630219,Skylar Mays,24.0,193.04,92.99
203524,Solomon Hill,31.0,198.12,102.51
1629605,Tacko Fall,26.0,228.6,141.07
204025,Tim Frazier,31.0,182.88,77.11
1627789,Timothe Luwawu-Cabarrot,27.0,200.66,97.52
203107,Tomas Satoransky,30.0,200.66,95.25
203503,Tony Snell,30.0,198.12,96.62
1629309,Trayvon Palmer,27.0,198.12,90.72
1629682,Tremont Waters,24.0,177.8,79.38
1630286,Trevon Scott,25.0,203.2,102.06
2772,Trevor Ariza,37.0,203.2,97.52
203504,Trey Burke,29.0,182.88,83.91
202684,Tristan Thompson,31.0,205.74,115.21
1629076,Tyler Cook,24.0,203.2,115.67
1629788,Tyler Hall,25.0,195.58,94.8
204020,Tyler Johnson,30.0,190.5,84.37
1630179,Tyrell Terry,21.0,187.96,72.57
1627820,Tyrone Wallace,28.0,195.58,89.81
201961,Wayne Ellington,34.0,193.04,93.89
1627782,Wayne Selden,27.0,193.04,105.23
1628411,Wes Iwundu,27.0,198.12,88.45
1626161,Willie Cauley-Stein,28.0,213.36,108.86
1629875,Xavier Moon,27.0,187.96,74.84
1630270,Xavier Sneed,24.0,195.58,97.52
1630582,Yves Pons,23.0,195.58,93.44
1630285,Zavier Simpson,25.0,182.88,86.18
1629597,Zylan Cheatham,26.0,195.58,99.79
1629690,Adam Mokoka,22.0,193.04,86.18
202329,Al-Farouq Aminu,30.0,203.2,99.79
1629346,Alen Smailagic,20.0,208.28,97.52
1628578,Amida Brimah,27.0,208.28,104.33
2760,Anderson Varejao,38.0,210.82,117.93
203460,Andre Roberson,29.0,200.66,95.25
201229,Anthony Tolliver,36.0,203.2,108.86
1628394,Anzejs Pasecniks,25.0,215.9,103.87
203382,Aron Baynes,34.0,208.28,117.93
1630204,Ashton Hagans,21.0,190.5,86.18
1626253,Axel Toupane,28.0,200.66,95.25
1628968,Brian Bowen II,22.0,198.12,86.18
203998,Bruno Caboclo,25.0,205.74,98.88
1629244,Cam Reynolds,26.0,200.66,102.06
1626184,Chasson Randle,28.0,187.96,83.91
1626245,Cristiano Felicio,28.0,210.82,122.47
203957,Dante Exum,25.0,195.58,97.07
203121,Darius Miller,31.0,198.12,102.06
1629743,Donta Hall,23.0,208.28,104.33
1628407,Dwayne Bacon,25.0,198.12,100.24
202734,E'Twaun Moore,32.0,190.5,86.64
1629091,Elijah Bryant,26.0,195.58,95.25
101141,Ersan Ilyasova,34.0,205.74,106.59
1628412,Frank Mason III,27.0,180.34,86.18
203922,Glenn Robinson III,27.0,198.12,100.7
1630203,Grant Riller,24.0,187.96,86.18
204222,Greg Whittington,28.0,203.2,95.25
1628385,Harry Giles III,23.0,210.82,108.86
1627740,Henry Ellenson,24.0,208.28,108.86
202697,Iman Shumpert,31.0,195.58,96.16
200755,JJ Redick,37.0,190.5,90.72
203960,JaKarr Sampson,28.0,200.66,97.07
1626143,Jahlil Okafor,25.0,208.28,122.47
1630223,Jalen Harris,22.0,195.58,88.45
1629665,Jalen Lecque,21.0,193.04,83.91
203263,James Nunnally,30.0,200.66,92.99
201162,Jared Dudley,35.0,198.12,107.5
1629121,Jaylen Adams,25.0,182.88,102.06
201952,Jeff Teague,33.0,190.5,88.45
1629725,Jeremiah Martin,25.0,187.96,83.91
1629010,Jerome Robinson,24.0,193.04,86.18
1629007,Jontay Porter,21.0,210.82,108.86
1629648,Jordan Bone,23.0,187.96,81.65
1630221,Josh Hall,20.0,205.74,86.18
1629713,Justin James,24.0,200.66,86.18
1628383,Justin Patton,24.0,210.82,109.32
1630211,Karim Mane,21.0,190.5,86.18
1629017,Khyri Thomas,25.0,190.5,95.25
1628961,Kostas Antetokounmpo,23.0,208.28,90.72
1629677,Luka Samanic,21.0,208.28,102.97
201188,Marc Gasol,36.0,210.82,115.67
1629716,Marques Bolden,23.0,208.28,112.94
203487,Michael Carter-Williams,29.0,195.58,86.18
1628455,Mike James,30.0,185.42,79.38
203118,Mike Scott,32.0,200.66,107.5
1630268,Nate Darling,22.0,198.12,90.72
1630185,Nico Mannion,20.0,187.96,86.18
1629740,Nicolo Melli,30.0,205.74,107.05
1627775,Patrick McCaw,25.0,200.66,82.1
202335,Patrick Patterson,32.0,203.2,106.59
1626188,Quinn Cook,28.0,185.42,81.65
1629034,Ray Spalding,24.0,205.74,102.06
1629606,Robert Franks,24.0,200.66,102.06
1629066,Rodions Kurucs,23.0,205.74,103.42
1626178,Rondae Hollis-Jefferson,26.0,198.12,98.43
1630253,Sean McDermott,24.0,198.12,88.45
1628414,Sindarius Thornwell,26.0,193.04,97.52
1628388,T.J. Leaf,24.0,208.28,100.7
1628390,Terrance Ferguson,23.0,198.12,86.18
1627748,Thon Maker,24.0,213.36,100.24
1630234,Ty-Shon Alexander,22.0,190.5,88.45
1630189,Tyler Bey,23.0,200.66,97.52
1629738,Vincent Poirier,27.0,213.36,106.59
1630266,Will Magnay,23.0,208.28,106.14
1627812,Yogi Ferrell,28.0,182.88,80.74
203459,Allen Crabbe,28.0,195.58,96.16
1629019,Allonzo Trier,24.0,193.04,90.72
1628518,Amile Jefferson,27.0,205.74,100.7
1627790,Ante Zizic,23.0,208.28,120.66
1628499,Antonius Cleveland,26.0,195.58,88.45
1628403,Caleb Swanigan,23.0,205.74,117.93
202718,Chandler Parsons,31.0,205.74,104.33
1629598,Chris Clemons,22.0,175.26,81.65
201147,Corey Brewer,34.0,205.74,85.28
201584,Courtney Lee,34.0,195.58,97.52
1629133,Daryl Macon,24.0,187.96,83.91
201960,DeMarre Carroll,33.0,198.12,97.52
1628985,Devon Hall,24.0,195.58,97.52
1629608,Dewan Hernandez,23.0,208.28,106.59
203079,Dion Waiters,28.0,190.5,95.25
1627733,Dragan Bender,22.0,213.36,112.94
1628605,Dusty Hannahs,26.0,190.5,95.25
1629058,Dzanan Musa,21.0,205.74,98.43
1629059,Elie Okobo,22.0,190.5,86.18
1628450,Eric Mika,25.0,208.28,105.69
202323,Evan Turner,31.0,198.12,99.79
101133,Ian Mahinmi,33.0,210.82,118.84
200826,J.J. Barea,36.0,177.8,81.65
1629122,J.P. Macura,25.0,193.04,92.08
2747,JR Smith,34.0,198.12,99.79
1628980,Jacob Evans,23.0,193.04,95.25
2037,Jamal Crawford,40.0,195.58,90.72
1627784,Jarrod Uthoff,27.0,205.74,99.79
202951,Jeremy Pargo,34.0,187.96,99.34
1626170,Jerian Grant,27.0,193.04,89.81
201149,Joakim Noah,35.0,210.82,105.23
1629147,Joe Chealey,24.0,193.04,86.18
203089,John Henson,29.0,205.74,99.34
1628405,Johnathan Motley,25.0,203.2,104.33
1629140,Johnathan Williams,25.0,205.74,103.42
1628413,Jonah Bolden,24.0,203.2,102.06
203895,Jordan McRae,29.0,195.58,81.19
1627982,Josh Gray,26.0,182.88,81.65
203705,Josh Magette,30.0,185.42,72.57
1629729,Josh Reaves,23.0,193.04,97.07
1629625,Justin Wright-Foreman,22.0,182.88,86.18
1628443,Kadeem Allen,27.0,185.42,90.72
1628987,Kevin Hervey,23.0,205.74,104.33
1629065,Ky Bowman,23.0,185.42,84.82
1629734,Kyle Alexander,23.0,208.28,97.98
2594,Kyle Korver,39.0,200.66,96.16
203124,Kyle O'Quinn,30.0,205.74,113.4
202498,Lance Thomas,32.0,203.2,102.06
201601,Luc Mbah a Moute,33.0,203.2,104.33
1626259,Malcolm Miller,27.0,200.66,95.25
201158,Marco Belinelli,34.0,195.58,99.79
1629621,Marial Shayok,24.0,195.58,89.81
1626209,Mario Hezonja,25.0,203.2,99.79
1629741,Marko Guduric,25.0,198.12,91.17
101107,Marvin Williams,34.0,203.2,107.5
1626187,Michael Frazier II,26.0,190.5,90.72
203077,Michael Kidd-Gilchrist,26.0,198.12,105.23
1628513,Naz Mitrou-Long,26.0,190.5,98.88
1628430,Nigel Williams-Goss,25.0,187.96,86.18
1629016,Omari Spellman,22.0,203.2,111.13
201583,Ryan Anderson,32.0,205.74,108.86
1629151,Ryan Broekhoff,29.0,198.12,97.52
203894,Shabazz Napier,28.0,182.88,79.38
1629044,Shamorie Ponds,22.0,182.88,79.38
1627746,Skal Labissiere,24.0,208.28,106.59
1629742,Stanton Kidd,28.0,198.12,97.98
1629745,Tariq Owens,25.0,208.28,92.99
200757,Thabo Sefolosha,36.0,198.12,97.52
1626203,Treveon Graham,26.0,195.58,99.34
203584,Troy Daniels,28.0,193.04,90.72
203092,Tyler Zeller,30.0,210.82,113.4
2199,Tyson Chandler,37.0,213.36,106.59
1629724,Vic Law,24.0,200.66,91.17
1713,Vince Carter,43.0,198.12,99.79
1629739,William Howard,26.0,203.2,93.89
201163,Wilson Chandler,33.0,203.2,106.59
1629668,Zach Norvell Jr.,22.0,195.58,92.99
1629015,Zhaire Smith,21.0,190.5,92.99
1626210,Alan Williams,26.0,203.2,120.2
203518,Alex Abrines,25.0,198.12,90.72
1627816,Alex Poythress,25.0,205.74,106.59
101161,Amir Johnson,32.0,205.74,108.86
201281,Andre Ingram,33.0,190.5,86.18
101106,Andrew Bogut,34.0,213.36,117.93
1626150,Andrew Harrison,24.0,198.12,96.62
1629116,Angel Delgado,24.0,208.28,111.13
1628469,Antonio Blakeney,22.0,193.04,87.09
1628656,Billy Garrett,24.0,198.12,97.52
1629045,Bonzie Colson,23.0,198.12,102.06
1629102,Brandon Sampson,22.0,195.58,83.46
203710,C.J. Williams,29.0,195.58,102.51
101112,Channing Frye,36.0,213.36,115.67
203474,DJ Stephens,28.0,195.58,85.28
1629541,Dairis Bertans,29.0,193.04,90.72
1627772,Daniel Hamilton,23.0,200.66,88.45
201967,Dante Cunningham,32.0,203.2,104.33
1629152,DeVaughn Akoon-Purcell,26.0,198.12,90.72
1627743,Demetrius Jackson,24.0,185.42,91.17
1629061,Deng Adel,22.0,200.66,90.72
2734,Devin Harris,36.0,190.5,83.91
1628421,Devin Robinson,24.0,203.2,90.72
1627738,Deyonta Davis,22.0,210.82,107.5
1717,Dirk Nowitzki,41.0,213.36,111.13
202700,Donatas Motiejunas,28.0,213.36,99.79
1629055,Donte Grantham,24.0,203.2,97.52
2548,Dwyane Wade,37.0,193.04,99.79
202327,Ekpe Udoh,32.0,208.28,111.13
203961,Eric Moreland,27.0,208.28,107.95
101123,Gerald Green,33.0,200.66,92.99
1627824,Guerschon Yabusele,23.0,203.2,117.93
203546,Ian Clark,28.0,190.5,79.38
1628387,Ike Anigbogu,20.0,208.28,113.4
1629353,Isaac Humphries,21.0,213.36,117.93
1628515,Isaiah Briscoe,23.0,190.5,97.52
203477,Isaiah Canaan,28.0,182.88,90.72
1628439,Isaiah Hicks,24.0,205.74,104.33
1628397,Ivan Rabb,22.0,208.28,99.79
1627883,Jalen Jones,26.0,200.66,99.79
1629123,Jared Terrell,24.0,190.5,102.97
1626185,Jarell Martin,25.0,208.28,108.41
1628417,Jaron Blossomgame,25.0,203.2,99.79
201160,Jason Smith,33.0,213.36,108.86
1628393,Jawun Evans,22.0,182.88,86.18
202391,Jeremy Lin,30.0,190.5,90.72
201573,Jerryd Bayless,30.0,190.5,90.72
202690,Jimmer Fredette,30.0,187.96,88.45
201975,Jodie Meeks,31.0,193.04,95.25
204066,John Holland,30.0,195.58,92.99
203098,John Jenkins,28.0,193.04,97.52
202720,Jon Leuer,30.0,208.28,103.42
201973,Jonas Jerebko,32.0,208.28,104.78
203613,Jonathon Simmons,29.0,198.12,88.45
1628070,Jordan Loyd,25.0,193.04,95.25
1626296,Jordan Sibert,26.0,193.04,84.82
101181,Jose Calderon,37.0,190.5,90.72
1627395,Julian Washburn,27.0,203.2,94.8
203564,Kalin Lucas,30.0,185.42,88.45
202702,Kenneth Faried,29.0,203.2,99.79
1628424,Kobi Simmons,21.0,193.04,77.11
201585,Kosta Koufos,30.0,213.36,111.13
203485,Lorenzo Brown,28.0,195.58,85.73
2736,Luol Deng,34.0,205.74,107.5
1627781,Malachi Richardson,23.0,198.12,92.99
202705,MarShon Brooks,30.0,195.58,90.72
101162,Marcin Gortat,35.0,210.82,108.86
1629094,Marcus Derrickson,23.0,200.66,112.94
201563,Michael Beasley,30.0,205.74,106.59
203101,Miles Plumlee,30.0,210.82,112.94
1628462,Milos Teodosic,32.0,195.58,88.9
1628249,Mitchell Creek,27.0,198.12,102.06
2403,Nene,36.0,210.82,113.4
201156,Nick Young,34.0,200.66,95.25
202703,Nikola Mirotic,28.0,208.28,113.4
1627855,Okaro White,26.0,203.2,92.99
201956,Omri Casspi,31.0,205.74,102.06
2200,Pau Gasol,38.0,213.36,113.4
203112,Quincy Acy,28.0,200.66,108.86
202347,Quincy Pondexter,31.0,200.66,104.33
1626154,RJ Hunter,25.0,195.58,83.91
1628959,Rawle Alkins,21.0,195.58,102.06
101109,Raymond Felton,35.0,185.42,92.99
1627758,Ron Baker,26.0,193.04,99.79
1626257,Salah Mejri,33.0,218.44,106.59
203159,Scott Machado,29.0,185.42,92.99
2733,Shaun Livingston,33.0,200.66,87.09
202714,Shelvin Mack,29.0,190.5,92.08
1628769,Tahjere McCall,24.0,195.58,86.18
203093,Terrence Jones,27.0,205.74,114.31
1629118,Thomas Welsh,23.0,213.36,115.67
2225,Tony Parker,37.0,187.96,83.91
1628979,Trevon Duval,20.0,187.96,85.73
1628505,Troy Caupain,23.0,193.04,95.25
1627786,Troy Williams,24.0,200.66,98.88
1628463,Tyler Cavanaugh,25.0,205.74,107.95
1629093,Tyler Davis,22.0,208.28,120.66
1628399,Tyler Lydon,23.0,208.28,102.06
1627755,Tyler Ulis,23.0,177.8,72.57
201936,Tyreke Evans,29.0,198.12,99.79
1629053,Vincent Edwards,23.0,203.2,102.06
1627735,Wade Baldwin IV,23.0,193.04,90.72
1627215,Walt Lemon Jr.,26.0,190.5,81.65
202325,Wesley Johnson,31.0,200.66,97.52
1628999,Yante Maten,22.0,203.2,108.86
1629155,Zach Lofton,26.0,193.04,81.65
2585,Zaza Pachulia,35.0,210.82,122.47
1627753,Zhou Qi,23.0,215.9,95.25
201166,Aaron Brooks,33.0,182.88,73.03
1626151,Aaron Harrison,23.0,198.12,95.25
1628935,Aaron Jackson,32.0,190.5,83.01
203940,Adreian Payne,27.0,208.28,107.5
2744,Al Jefferson,33.0,208.28,127.01
1628409,Alec Peters,23.0,205.74,106.59
1628510,Andrew White III,25.0,200.66,95.25
1626148,Anthony Brown,25.0,200.66,101.6
201167,Arron Afflalo,32.0,195.58,95.25
1628500,Ben Moore,23.0,203.2,99.79
201628,Bobby Brown,33.0,187.96,79.38
201148,Brandan Wright,30.0,208.28,106.59
201943,Brandon Jennings,28.0,185.42,77.11
203464,Brandon Paul,27.0,193.04,90.72
1627362,Briante Weber,25.0,187.96,74.84
1627744,Brice Johnson,24.0,208.28,104.33
1628429,Charles Cooke,23.0,195.58,88.9
1627778,Chinanu Onuaku,21.0,208.28,111.13
1626191,Chris McCullough,23.0,205.74,97.52
202332,Cole Aldrich,29.0,210.82,114.76
1626177,Dakari Johnson,22.0,213.36,115.67
2863,Damien Wilkins,38.0,198.12,98.43
201589,Darrell Arthur,30.0,205.74,106.59
1626199,Darrun Hilliard,25.0,198.12,99.79
204065,David Stockton,27.0,180.34,74.84
2561,David West,37.0,205.74,113.4
202732,DeAndre Liggins,30.0,198.12,94.8
202682,Derrick Williams,27.0,203.2,108.86
202779,Dwight Buycks,29.0,190.5,86.18
2731,Emeka Okafor,35.0,208.28,115.67
1628571,Erik McCree,24.0,203.2,102.06
1627834,Georgios Papagiannis,20.0,215.9,108.86
1628492,Gian Clavell,24.0,193.04,83.91
1627819,Isaiah Taylor,23.0,190.5,77.11
1627785,Isaiah Whitehead,23.0,193.04,96.62
1628444,Jabari Bird,23.0,198.12,89.81
204022,Jack Cooley,27.0,208.28,124.28
1626643,Jacob Pullen,28.0,185.42,90.72
1628451,Jacob Wiley,23.0,203.2,101.15
1627866,Jameel Warney,24.0,203.2,117.93
2749,Jameer Nelson,36.0,182.88,86.18
1628503,Jamel Artis,25.0,200.66,96.62
203949,James Michael McAdoo,25.0,205.74,104.33
1627821,James Webb III,24.0,205.74,91.63
203923,James Young,22.0,198.12,97.52
203966,Jamil Wilson,27.0,200.66,103.87
204067,Jarell Eddie,26.0,200.66,98.88
101127,Jarrett Jack,34.0,190.5,90.72
1891,Jason Terry,40.0,187.96,83.91
203481,Jeff Withey,28.0,213.36,104.33
202379,Jeremy Evans,30.0,205.74,90.72
1626202,Joe Young,26.0,187.96,83.91
1627762,Joel Bolomboy,24.0,205.74,106.59
203530,Joffrey Lauvergne,26.0,210.82,117.93
203948,Johnny O'Bryant III,25.0,205.74,116.57
1626780,Jonathan Gibson,30.0,187.96,83.91
202348,Jordan Crawford,29.0,195.58,88.45
1626175,Jordan Mickey,23.0,203.2,106.59
203962,Josh Huestis,26.0,200.66,104.33
201177,Josh McRoberts,31.0,208.28,108.86
2746,Josh Smith,32.0,205.74,102.06
202933,Julyan Stone,29.0,198.12,90.72
1627770,Kay Felder,23.0,175.26,79.83
2570,Kendrick Perkins,33.0,208.28,122.47
1627858,Kyle Collinsworth,26.0,198.12,95.25
202713,Kyle Singler,30.0,203.2,103.42
203580,Larry Drew II,28.0,187.96,81.65
1628506,London Perrantes,23.0,187.96,86.18
203512,Lucas Nogueira,25.0,213.36,99.79
1626242,Luis Montero,25.0,200.66,90.72
202337,Luke Babbitt,29.0,205.74,102.06
1627098,Malcolm Delaney,29.0,190.5,86.18
1628493,Mangok Mathiang,25.0,208.28,104.33
1938,Manu Ginobili,40.0,198.12,92.99
1627875,Marcus Georges-Hunt,24.0,195.58,102.51
1627779,Marcus Paige,24.0,182.88,74.39
201596,Mario Chalmers,32.0,187.96,86.18
203900,Markel Brown,26.0,190.5,86.18
203104,Marquis Teague,25.0,187.96,85.73
201578,Marreese Speights,30.0,208.28,115.67
1627850,Marshall Plumlee,25.0,213.36,113.4
1627856,Matt Costello,24.0,208.28,108.86
1628475,Matt Williams Jr.,24.0,195.58,95.25
1628495,Milton Doyle,24.0,193.04,81.65
1627851,Mindaugas Kuzminskas,28.0,205.74,97.52
203141,Mirza Teletovic,32.0,205.74,109.77
1627988,Myke Henry,25.0,198.12,95.25
203489,Nate Wolters,27.0,193.04,86.18
2555,Nick Collison,37.0,208.28,115.67
1627852,Nicolas Brussino,25.0,203.2,88.45
1628502,Nigel Hayes,23.0,200.66,115.21
204179,Omari Johnson,29.0,205.74,99.79
201600,Omer Asik,31.0,213.36,115.67
1627835,Paul Zipser,24.0,203.2,102.51
201196,Ramon Sessions,32.0,190.5,86.18
1626173,Rashad Vaughn,21.0,198.12,91.63
203687,Reggie Hearn,26.0,195.58,95.25
2210,Richard Jefferson,38.0,200.66,105.69
1628681,Rodney Purvis,24.0,193.04,92.99
203930,Sean Kilpatrick,28.0,193.04,96.16
203498,Shabazz Muhammad,25.0,198.12,100.24
203499,Shane Larkin,25.0,180.34,79.38
204028,Tarik Black,26.0,205.74,113.4
1627817,Tim Quarterman,23.0,198.12,86.18
202389,Timofey Mozgov,31.0,215.9,124.74
2754,Tony Allen,36.0,193.04,96.62
204037,Travis Wear,27.0,208.28,102.06
202344,Trevor Booker,30.0,203.2,103.42
203590,Trey McKinney-Jones,27.0,195.58,99.79
203898,Tyler Ennis,23.0,190.5,88.0
203505,Vander Blue,25.0,195.58,90.72
1626205,Vincent Hunter,23.0,203.2,94.35
203186,Willie Reed,28.0,210.82,111.13
204098,Xavier Munford,26.0,193.04,78.47
1628504,Xavier Rathan-Mayes,24.0,193.04,94.35
202918,Xavier Silas,30.0,195.58,92.99
2216,Zach Randolph,36.0,205.74,113.4
1627773,AJ Hammons,24.0,213.36,117.93
101187,Alan Anderson,34.0,198.12,99.79
201582,Alexis Ajinca,29.0,218.44,112.49
202087,Alonzo Gee,30.0,198.12,102.06
203094,Andrew Nicholson,27.0,205.74,113.4
203461,Anthony Bennett,24.0,203.2,106.59
201627,Anthony Morrow,31.0,195.58,95.25
203462,Archie Goodwin,22.0,195.58,92.99
202620,Arinze Onuaku,29.0,205.74,115.67
1627791,Ben Bentil,22.0,205.74,106.59
2757,Beno Udrih,34.0,190.5,92.99
2564,Boris Diaw,35.0,203.2,113.4
101138,Brandon Bass,32.0,203.2,113.4
201575,Brandon Rush,31.0,198.12,102.06
203148,Brian Roberts,31.0,185.42,78.47
201228,C.J. Watson,33.0,187.96,79.38
203912,C.J. Wilcox,26.0,195.58,88.45
2365,Chris Andersen,38.0,208.28,111.13
2563,Dahntay Jones,36.0,198.12,102.06
204014,Damjan Rudez,31.0,208.28,103.42
1627849,Daniel Ochefu,23.0,210.82,111.13
101135,David Lee,34.0,205.74,111.13
101114,Deron Williams,33.0,190.5,90.72
1627754,Diamond Stone,20.0,210.82,115.67
204002,Edy Tavares,25.0,220.98,120.2
202407,Elijah Millsap,29.0,200.66,97.52
202390,Gary Neal,32.0,193.04,95.25
201945,Gerald Henderson,29.0,195.58,97.52
202349,Greivis Vasquez,30.0,198.12,98.43
203138,Hollis Thompson,26.0,203.2,93.44
2592,James Jones,36.0,203.2,98.88
203096,Jared Sullinger,25.0,205.74,117.93
203950,Jarnell Stokes,23.0,205.74,115.67
201202,Joel Anthony,34.0,205.74,111.13
101249,John Lucas III,34.0,180.34,75.3
200770,Jordan Farmar,30.0,187.96,81.65
201941,Jordan Hill,29.0,208.28,108.86
203120,Justin Hamilton,27.0,213.36,115.67
202712,Justin Harper,27.0,208.28,102.06
203909,KJ McDaniels,24.0,198.12,92.99
202338,Kevin Seraphin,27.0,208.28,126.1
2743,Kris Humphries,32.0,205.74,106.59
1627787,Kyle Wiltjer,24.0,208.28,108.86
203934,Lamar Patterson,25.0,195.58,102.06
202336,Larry Sanders,28.0,210.82,104.33
202730,Lavoy Allen,28.0,205.74,117.93
2571,Leandro Barbosa,34.0,190.5,88.0
2449,Luis Scola,37.0,205.74,109.32
202412,Manny Harris,27.0,195.58,83.91
1626273,Marcelo Huertas,34.0,190.5,90.72
201977,Marcus Thornton,30.0,193.04,92.99
2440,Matt Barnes,37.0,200.66,102.51
1626254,Maurice Ndour,25.0,205.74,90.72
1897,Metta World Peace,37.0,200.66,117.93
1627771,Michael Gbinije,25.0,200.66,90.72
2399,Mike Dunleavy,36.0,205.74,104.33
2034,Mike Miller,37.0,203.2,98.88
1627861,Mike Tobey,22.0,213.36,117.93
101145,Monta Ellis,31.0,190.5,83.91
1627879,Nicolas Laprovittola,27.0,193.04,81.65
202708,Norris Cole,28.0,187.96,79.38
1627868,Patricio Garino,24.0,198.12,92.08
1718,Paul Pierce,39.0,200.66,106.59
203510,Pierre Jackson,25.0,177.8,81.65
1626176,Rakeem Christmas,25.0,205.74,113.4
200751,Randy Foye,33.0,193.04,98.88
202130,Reggie Williams,30.0,198.12,92.99
201155,Rodney Stuckey,31.0,195.58,92.99
101179,Ronnie Price,34.0,187.96,86.18
201579,Roy Hibbert,30.0,218.44,122.47
203527,Ryan Kelly,26.0,210.82,104.33
2756,Sasha Vujacic,33.0,200.66,88.45
203902,Semaj Christon,24.0,190.5,86.18
200771,Sergio Rodriguez,31.0,190.5,79.83
1627848,Shawn Long,24.0,205.74,115.67
1627815,Sheldon Mac,24.0,198.12,90.72
201150,Spencer Hawes,29.0,215.9,111.13
1627757,Stephen Zimmerman,20.0,213.36,108.86
200779,Steve Novak,34.0,208.28,102.06
203080,Thomas Robinson,26.0,208.28,107.5
201168,Tiago Splitter,32.0,210.82,111.13
201962,Toney Douglas,31.0,187.96,88.45
201951,Ty Lawson,29.0,180.34,88.45
1627293,Alex Stepheson,28.0,208.28,122.47
2405,Amar'e Stoudemire,33.0,208.28,111.13
1889,Andre Miller,40.0,190.5,90.72
200745,Andrea Bargnani,30.0,213.36,111.13
202726,Andrew Goudelock,27.0,190.5,90.72
1626183,Branden Dawson,23.0,198.12,102.06
203955,Bryce Cotton,23.0,185.42,74.84
1626214,Bryce Dejean-Jones,23.0,198.12,92.08
203946,Cameron Bairstow,25.0,205.74,113.4
201171,Carl Landry,32.0,205.74,112.49
2406,Caron Butler,36.0,200.66,103.42
101111,Charlie Villanueva,31.0,210.82,105.23
201978,Chase Budinger,28.0,200.66,94.8
2547,Chris Bosh,32.0,210.82,106.59
203142,Chris Copeland,32.0,205.74,108.41
203187,Chris Johnson,26.0,198.12,93.44
2549,Chris Kaman,34.0,213.36,120.2
101236,Chuck Hayes,33.0,198.12,108.86
203921,Cleanthony Early,25.0,203.2,95.25
1626146,Cliff Alexander,20.0,203.2,108.86
203928,Cory Jefferson,25.0,205.74,98.88
1626262,Coty Clarke,23.0,200.66,102.06
203996,Damien Inglis,21.0,203.2,111.58
201971,DeJuan Blair,27.0,200.66,122.47
203906,Devyn Marble,23.0,198.12,90.72
202388,Donald Sloan,28.0,190.5,92.99
2400,Drew Gooden,34.0,208.28,113.4
1626251,Duje Dukan,24.0,205.74,99.79
202343,Elliot Williams,27.0,195.58,86.18
1882,Elton Brand,37.0,205.74,115.21
203475,Erick Green,25.0,193.04,83.91
203105,Festus Ezeli,26.0,210.82,120.2
202962,Greg Smith,25.0,208.28,113.4
203156,Henry Sims,26.0,208.28,112.49
201581,JJ Hickson,27.0,205.74,109.77
1626266,JJ O'Brien,24.0,200.66,99.79
202341,James Anderson,27.0,198.12,96.62
203099,Jared Cunningham,25.0,193.04,88.45
201574,Jason Thompson,29.0,210.82,113.4
201965,Jeff Ayres,29.0,205.74,113.4
203919,Jordan Adams,21.0,195.58,94.8
202706,Jordan Hamilton,25.0,200.66,99.79
203268,Jorge Gutierrez,27.0,190.5,85.73
203951,Keith Appling,24.0,185.42,83.91
203088,Kendall Marshall,24.0,193.04,90.72
708,Kevin Garnett,40.0,210.82,108.86
2755,Kevin Martin,33.0,200.66,90.26
2550,Kirk Hinrich,35.0,193.04,86.18
977,Kobe Bryant,37.0,198.12,96.16
203123,Kostas Papanikolaou,25.0,203.2,106.59
200811,Lou Amundson,33.0,205.74,99.79
2588,Matt Bonner,36.0,208.28,106.59
203956,Mitch McGary,24.0,208.28,115.67
2590,Mo Williams,33.0,185.42,89.81
101126,Nate Robinson,32.0,175.26,81.65
1737,Nazr Mohammed,38.0,208.28,113.4
201593,Nikola Pekovic,30.0,210.82,139.25
201564,O.J. Mayo,28.0,195.58,95.25
203111,Orlando Johnson,27.0,195.58,99.79
203798,PJ Hairston,23.0,198.12,104.33
203143,Pablo Prigioni,39.0,190.5,83.91
203515,Phil Pressey,25.0,180.34,79.38
2446,Rasual Butler,37.0,200.66,97.52
203492,Ray McCallum,25.0,190.5,86.18
203135,Robert Sacre,27.0,213.36,122.47
203893,Russ Smith,25.0,182.88,74.84
200797,Ryan Hollins,31.0,213.36,108.86
201619,Sasha Kaun,31.0,210.82,117.93
203508,Sergey Karasev,22.0,200.66,94.35
203963,Shayne Whittington,25.0,210.82,113.4
201603,Sonny Weems,29.0,198.12,92.99
2581,Steve Blake,36.0,190.5,78.02
2419,Tayshaun Prince,36.0,205.74,96.16
202353,Tibor Pleiss,26.0,220.98,116.12
1495,Tim Duncan,40.0,210.82,113.4
203100,Tony Wroten,23.0,198.12,92.99
201946,Tyler Hansbrough,30.0,205.74,113.4
201985,AJ Price,28.0,187.96,88.45
203945,Alex Kirk,23.0,213.36,111.13
203144,Alexey Shved,26.0,198.12,84.82
203958,Andre Dawkins,23.0,195.58,99.34
1905,Andrei Kirilenko,34.0,205.74,106.59
201948,Austin Daye,27.0,210.82,99.79
2732,Ben Gordon,32.0,190.5,92.99
203108,Bernard James,30.0,208.28,106.59
203561,Brandon Davies,23.0,208.28,108.86
2217,Brendan Haywood,35.0,213.36,119.29
2430,Carlos Boozer,33.0,205.74,117.03
201858,Cartier Martin,30.0,200.66,99.79
201604,Chris Douglas-Roberts,28.0,200.66,95.25
101122,Danny Granger,32.0,205.74,100.7
202721,Darius Morris,24.0,193.04,88.45
204033,David Wear,24.0,208.28,104.33
2748,Dorell Wright,29.0,205.74,92.99
204079,Drew Gordon,24.0,205.74,111.13
2853,Earl Barron,33.0,213.36,113.4
201947,Earl Clark,27.0,208.28,106.14
101128,Francisco Garcia,33.0,200.66,97.52
203128,Furkan Aldemir,23.0,208.28,108.86
203539,Gal Mekel,27.0,190.5,86.64
2222,Gerald Wallace,32.0,200.66,99.79
203540,Gigi Datome,27.0,203.2,97.52
201175,Glen Davis,29.0,205.74,131.09
203318,Glen Rice,24.0,198.12,93.44
203511,Grant Jerrett,21.0,208.28,105.23
201880,Greg Stiemsma,29.0,210.82,117.93
2045,Hedo Turkoglu,36.0,208.28,99.79
201611,Henry Walker,27.0,198.12,106.59
203913,Jabari Brown,22.0,195.58,97.07
203479,Jamaal Franklin,23.0,195.58,86.64
2457,Jannero Pargo,35.0,185.42,83.91
101131,Jason Maxiell,32.0,200.66,117.93
2202,Jason Richardson,34.0,198.12,102.06
202399,Jeff Adrien,29.0,,
203106,Jeffery Taylor,26.0,200.66,102.06
202077,Jerel McNeal,28.0,190.5,90.72
202366,Jerome Jordan,28.0,213.36,114.76
203968,Jerrelle Benimon,23.0,,
200777,Joel Freeland,28.0,208.28,102.06
201595,Joey Dorsey,31.0,205.74,124.74
2422,John Salmons,35.0,198.12,95.25
2030,Kenyon Martin,37.0,205.74,102.06
202361,Landry Fields,27.0,200.66,97.52
201991,Lester Hudson,30.0,190.5,86.18
2557,Luke Ridnour,34.0,187.96,79.38
202723,Malcolm Lee,25.0,195.58,90.72
202952,Malcolm Thomas,26.0,205.74,102.06
101110,Martell Webster,28.0,200.66,104.33
203545,Miroslav Raduljica,27.0,213.36,113.4
201979,Nick Calathes,26.0,198.12,96.62
203910,Nick Johnson,22.0,190.5,91.63
203136,Ognjen Kuzmic,25.0,213.36,117.93
203565,Patrick Christopher,27.0,,
203544,Pero Antic,32.0,210.82,117.93
203103,Perry Jones III,23.0,210.82,106.59
203113,Quincy Miller,22.0,205.74,95.25
2501,Reggie Evans,35.0,203.2,111.13
203495,Ricky Ledo,22.0,200.66,88.45
203133,Robbie Hummel,26.0,205.74,99.34
101142,Ronny Turiaf,32.0,208.28,112.94
2223,Samuel Dalembert,35.0,210.82,115.67
2742,Sebastian Telfair,30.0,182.88,77.11
200769,Shannon Brown,29.0,190.5,97.52
101183,Shavlik Randolph,31.0,208.28,107.05
1890,Shawn Marion,37.0,200.66,103.42
200761,Shawne Williams,29.0,208.28,104.33
204021,Sim Bhullar,22.0,226.06,163.29
203315,Toure' Murry,25.0,195.58,88.45
200748,Tyrus Thomas,28.0,208.28,102.06
201964,Victor Claver,26.0,205.74,101.6
101198,Will Bynum,32.0,182.88,83.91
203805,Will Cherry,24.0,,
2584,Willie Green,33.0,190.5,92.99
202333,Xavier Henry,24.0,198.12,99.79
204054,Zoran Dragic,26.0,195.58,90.72
201189,Aaron Gray,29.0,213.36,122.47
203519,Adonis Thomas,21.0,200.66,108.86
1733,Al Harrington,34.0,205.74,111.13
101154,Andray Blatche,27.0,210.82,117.93
101115,Andrew Bynum,26.0,213.36,129.27
2740,Andris Biedrins,28.0,213.36,113.4
1712,Antawn Jamison,38.0,205.74,106.59
201576,Anthony Randolph,24.0,210.82,102.06
203102,Arnett Moultrie,23.0,208.28,108.86
201957,Byron Mullens,25.0,213.36,124.74
203467,Carrick Felix,23.0,198.12,91.17
203810,Casper Ware,24.0,177.8,79.38
1497,Chauncey Billups,37.0,190.5,95.25
203569,Chris Babb,24.0,195.58,102.06
202698,Chris Singleton,24.0,205.74,103.42
203147,Chris Smith,26.0,187.96,90.72
202874,Chris Wright,25.0,205.74,102.51
201591,DJ White,27.0,205.74,113.4
202345,Damion James,26.0,200.66,102.06
202350,Daniel Orton,23.0,208.28,124.74
203130,Darius Johnson-Odom,24.0,187.96,97.52
965,Derek Fisher,39.0,185.42,95.25
202354,Dexter Pittman,26.0,210.82,129.27
203197,Diante Garrett,25.0,193.04,86.18
202091,Dionte Christmas,27.0,195.58,92.99
203117,Doron Lamb,22.0,193.04,90.72
2248,Earl Watson,35.0,185.42,90.26
203548,Elias Harris,24.0,203.2,108.41
201953,Eric Maynor,27.0,190.5,79.38
203513,Erik Murphy,23.0,208.28,104.33
201141,Greg Oden,26.0,213.36,123.83
202970,Gustavo Ayon,29.0,208.28,113.4
202380,Hamady Ndiaye,27.0,213.36,106.59
201934,Hasheem Thabeet,27.0,220.98,119.29
200756,Hilton Armstrong,29.0,210.82,106.59
2224,Jamaal Tinsley,36.0,190.5,85.28
203480,James Southerland,24.0,203.2,97.52
202686,Jan Vesely,24.0,213.36,109.77
202363,Jarvis Varnado,26.0,205.74,104.33
2215,Jason Collins,35.0,213.36,115.67
202719,Jeremy Tyler,23.0,208.28,113.4
979,Jermaine O'Neal,35.0,210.82,115.67
2735,Josh Childress,31.0,203.2,95.25
202725,Josh Harrellson,25.0,208.28,124.74
2694,Josh Powell,31.0,205.74,108.86
2586,Keith Bogans,34.0,195.58,97.52
203146,Maalik Wayns,23.0,185.42,88.45
2408,Melvin Ely,36.0,208.28,117.93
200839,Mike Harris,31.0,198.12,109.77
2229,Mike James,39.0,187.96,85.28
201203,Mustafa Shakur,29.0,190.5,86.18
201986,Nando De Colo,27.0,195.58,88.45
203517,Nemanja Nedovic,23.0,190.5,87.09
201785,Othyus Jeffers,28.0,195.58,95.25
203491,Peyton Siva,23.0,182.88,83.91
1740,Rashard Lewis,34.0,208.28,106.59
951,Ray Allen,38.0,195.58,92.99
2427,Roger Mason Jr.,33.0,195.58,92.99
200758,Ronnie Brewer,29.0,200.66,106.59
2767,Royal Ivey,32.0,193.04,90.72
203091,Royce White,23.0,203.2,117.93
101155,Ryan Gomes,31.0,200.66,111.13
2203,Shane Battier,35.0,203.2,99.79
202197,Shane Edwards,27.0,200.66,99.79
200780,Solomon Jones,29.0,208.28,106.59
1536,Stephen Jackson,36.0,203.2,99.79
959,Steve Nash,40.0,190.5,80.74
203183,Tony Mitchell,24.0,198.12,97.98
203502,Tony Mitchell,22.0,203.2,106.59
203129,Tornike Shengelia,22.0,205.74,99.79
2566,Travis Outlaw,29.0,205.74,93.89
203116,Tyshawn Taylor,24.0,190.5,83.91
203139,Viacheslav Kravtsov,26.0,210.82,115.21
203543,Vitor Faverani,26.0,210.82,117.93
